{
  "lgb_class_weight": {
    "fp": 64,
    "fn": 78,
    "accuracy": 0.6088154269972452,
    "roc_auc": 0.6307271067843018,
    "brier": 0.25684196411837895,
    "confusion_matrix": [
      [
        109,
        64
      ],
      [
        78,
        112
      ]
    ]
  },
  "lgb_sample_weight": {
    "fp": 64,
    "fn": 78,
    "accuracy": 0.6088154269972452,
    "roc_auc": 0.6307271067843018,
    "brier": 0.25684196411837895,
    "confusion_matrix": [
      [
        109,
        64
      ],
      [
        78,
        112
      ]
    ]
  },
  "lgb_scale_pos_weight": {
    "fp": 64,
    "fn": 79,
    "accuracy": 0.6060606060606061,
    "roc_auc": 0.6293580772741101,
    "brier": 0.2590122947671404,
    "confusion_matrix": [
      [
        109,
        64
      ],
      [
        79,
        111
      ]
    ]
  },
  "xgb_scale_pos_weight": {
    "fp": 85,
    "fn": 75,
    "accuracy": 0.559228650137741,
    "roc_auc": 0.5978399756616976,
    "brier": 0.29425312009465526,
    "confusion_matrix": [
      [
        88,
        85
      ],
      [
        75,
        115
      ]
    ]
  },
  "lgb_focal_approx": {
    "fp": 29,
    "fn": 155,
    "accuracy": 0.4931129476584022,
    "roc_auc": 0.5105871615454822,
    "brier": 0.30700730833807605,
    "confusion_matrix": [
      [
        144,
        29
      ],
      [
        155,
        35
      ]
    ]
  }
}