{
  "gamma_0.5_alpha_0.1": {
    "gamma": 0.5,
    "alpha": 0.1,
    "fp": 22,
    "fn": 144,
    "accuracy": 0.5426997245179064,
    "roc_auc": 0.5955278369333739,
    "brier": 0.321343233259486
  },
  "gamma_0.5_alpha_0.25": {
    "gamma": 0.5,
    "alpha": 0.25,
    "fp": 40,
    "fn": 109,
    "accuracy": 0.5895316804407713,
    "roc_auc": 0.629449345908123,
    "brier": 0.26804219500285015
  },
  "gamma_0.5_alpha_0.5": {
    "gamma": 0.5,
    "alpha": 0.5,
    "fp": 74,
    "fn": 68,
    "accuracy": 0.6088154269972452,
    "roc_auc": 0.6348950410708853,
    "brier": 0.24872123613937783
  },
  "gamma_1.0_alpha_0.1": {
    "gamma": 1.0,
    "alpha": 0.1,
    "fp": 22,
    "fn": 156,
    "accuracy": 0.509641873278237,
    "roc_auc": 0.5569212047459691,
    "brier": 0.3291525138582979
  },
  "gamma_1.0_alpha_0.25": {
    "gamma": 1.0,
    "alpha": 0.25,
    "fp": 41,
    "fn": 125,
    "accuracy": 0.5426997245179064,
    "roc_auc": 0.5753878916945543,
    "brier": 0.28340585911049265
  },
  "gamma_1.0_alpha_0.5": {
    "gamma": 1.0,
    "alpha": 0.5,
    "fp": 76,
    "fn": 76,
    "accuracy": 0.581267217630854,
    "roc_auc": 0.5995436568299362,
    "brier": 0.25557300607569866
  },
  "gamma_1.5_alpha_0.1": {
    "gamma": 1.5,
    "alpha": 0.1,
    "fp": 13,
    "fn": 175,
    "accuracy": 0.4820936639118457,
    "roc_auc": 0.5323090964405234,
    "brier": 0.34877847290973646
  },
  "gamma_1.5_alpha_0.25": {
    "gamma": 1.5,
    "alpha": 0.25,
    "fp": 29,
    "fn": 148,
    "accuracy": 0.512396694214876,
    "roc_auc": 0.5490721022208701,
    "brier": 0.2931533027564795
  },
  "gamma_1.5_alpha_0.5": {
    "gamma": 1.5,
    "alpha": 0.5,
    "fp": 78,
    "fn": 86,
    "accuracy": 0.5482093663911846,
    "roc_auc": 0.5579860054761181,
    "brier": 0.2638189002573289
  },
  "gamma_2.0_alpha_0.1": {
    "gamma": 2.0,
    "alpha": 0.1,
    "fp": 11,
    "fn": 173,
    "accuracy": 0.4931129476584022,
    "roc_auc": 0.5115606936416185,
    "brier": 0.36014766076210153
  },
  "gamma_2.0_alpha_0.25": {
    "gamma": 2.0,
    "alpha": 0.25,
    "fp": 29,
    "fn": 155,
    "accuracy": 0.4931129476584022,
    "roc_auc": 0.5105871615454822,
    "brier": 0.30700730833807605
  },
  "gamma_2.0_alpha_0.5": {
    "gamma": 2.0,
    "alpha": 0.5,
    "fp": 82,
    "fn": 105,
    "accuracy": 0.48484848484848486,
    "roc_auc": 0.4946759963492547,
    "brier": 0.28183517889778065
  },
  "gamma_3.0_alpha_0.1": {
    "gamma": 3.0,
    "alpha": 0.1,
    "fp": 21,
    "fn": 173,
    "accuracy": 0.465564738292011,
    "roc_auc": 0.4294493459081229,
    "brier": 0.3952231186697494
  },
  "gamma_3.0_alpha_0.25": {
    "gamma": 3.0,
    "alpha": 0.25,
    "fp": 36,
    "fn": 162,
    "accuracy": 0.45454545454545453,
    "roc_auc": 0.4350167325829024,
    "brier": 0.34737987790222635
  },
  "gamma_3.0_alpha_0.5": {
    "gamma": 3.0,
    "alpha": 0.5,
    "fp": 82,
    "fn": 113,
    "accuracy": 0.4628099173553719,
    "roc_auc": 0.4603894128384545,
    "brier": 0.3071199883312105
  }
}