{
  "Mirage": {
    "gamma_0.5_alpha_0.1": {
      "fp": 13,
      "fn": 13,
      "accuracy": 0.59375,
      "roc_auc": 0.5441176470588235,
      "brier": 0.24636451424691747
    },
    "gamma_0.5_alpha_0.25": {
      "fp": 16,
      "fn": 13,
      "accuracy": 0.546875,
      "roc_auc": 0.5529411764705883,
      "brier": 0.2501740798280274
    },
    "gamma_0.5_alpha_0.5": {
      "fp": 22,
      "fn": 11,
      "accuracy": 0.484375,
      "roc_auc": 0.5303921568627451,
      "brier": 0.2593671003016227
    },
    "gamma_1.0_alpha_0.1": {
      "fp": 9,
      "fn": 15,
      "accuracy": 0.625,
      "roc_auc": 0.5823529411764705,
      "brier": 0.24386483333288134
    },
    "gamma_1.0_alpha_0.25": {
      "fp": 19,
      "fn": 13,
      "accuracy": 0.5,
      "roc_auc": 0.5009803921568627,
      "brier": 0.254670939018696
    },
    "gamma_1.0_alpha_0.5": {
      "fp": 20,
      "fn": 13,
      "accuracy": 0.484375,
      "roc_auc": 0.49901960784313726,
      "brier": 0.25489268286758904
    },
    "gamma_1.5_alpha_0.1": {
      "fp": 16,
      "fn": 16,
      "accuracy": 0.5,
      "roc_auc": 0.5088235294117647,
      "brier": 0.2536636994131758
    },
    "gamma_1.5_alpha_0.25": {
      "fp": 12,
      "fn": 13,
      "accuracy": 0.609375,
      "roc_auc": 0.6127450980392157,
      "brier": 0.24012127689463358
    },
    "gamma_1.5_alpha_0.5": {
      "fp": 19,
      "fn": 14,
      "accuracy": 0.484375,
      "roc_auc": 0.5313725490196078,
      "brier": 0.25454948757092033
    },
    "gamma_2.0_alpha_0.1": {
      "fp": 14,
      "fn": 16,
      "accuracy": 0.53125,
      "roc_auc": 0.5225490196078432,
      "brier": 0.2581128871114561
    },
    "gamma_2.0_alpha_0.25": {
      "fp": 17,
      "fn": 12,
      "accuracy": 0.546875,
      "roc_auc": 0.553921568627451,
      "brier": 0.24737866452071153
    },
    "gamma_2.0_alpha_0.5": {
      "fp": 19,
      "fn": 10,
      "accuracy": 0.546875,
      "roc_auc": 0.553921568627451,
      "brier": 0.25248138196156744
    },
    "best": {
      "gamma": 1.0,
      "alpha": 0.1,
      "metrics": {
        "fp": 9,
        "fn": 15,
        "accuracy": 0.625,
        "roc_auc": 0.5823529411764705,
        "brier": 0.24386483333288134
      },
      "tuned_path": "models/per_map_mirage_focal_tuned.pkl",
      "calib_path": "models/per_map_mirage_focal_calibrated.pkl"
    }
  },
  "Nuke": {
    "gamma_0.5_alpha_0.1": {
      "fp": 29,
      "fn": 0,
      "accuracy": 0.43137254901960786,
      "roc_auc": 0.603448275862069,
      "brier": 0.2749018732951518
    },
    "gamma_0.5_alpha_0.25": {
      "fp": 29,
      "fn": 0,
      "accuracy": 0.43137254901960786,
      "roc_auc": 0.5956112852664578,
      "brier": 0.2744623386799766
    },
    "gamma_0.5_alpha_0.5": {
      "fp": 29,
      "fn": 0,
      "accuracy": 0.43137254901960786,
      "roc_auc": 0.5564263322884012,
      "brier": 0.2778203623967269
    },
    "gamma_1.0_alpha_0.1": {
      "fp": 29,
      "fn": 0,
      "accuracy": 0.43137254901960786,
      "roc_auc": 0.5940438871473355,
      "brier": 0.27705936220727617
    },
    "gamma_1.0_alpha_0.25": {
      "fp": 29,
      "fn": 0,
      "accuracy": 0.43137254901960786,
      "roc_auc": 0.6065830721003135,
      "brier": 0.2769133561997301
    },
    "gamma_1.0_alpha_0.5": {
      "fp": 29,
      "fn": 0,
      "accuracy": 0.43137254901960786,
      "roc_auc": 0.4639498432601881,
      "brier": 0.2779159139957922
    },
    "gamma_1.5_alpha_0.1": {
      "fp": 29,
      "fn": 0,
      "accuracy": 0.43137254901960786,
      "roc_auc": 0.4137931034482758,
      "brier": 0.2827821447398224
    },
    "gamma_1.5_alpha_0.25": {
      "fp": 29,
      "fn": 0,
      "accuracy": 0.43137254901960786,
      "roc_auc": 0.6316614420062695,
      "brier": 0.27522788838009943
    },
    "gamma_1.5_alpha_0.5": {
      "fp": 29,
      "fn": 0,
      "accuracy": 0.43137254901960786,
      "roc_auc": 0.4075235109717868,
      "brier": 0.28072759387944307
    },
    "gamma_2.0_alpha_0.1": {
      "fp": 29,
      "fn": 0,
      "accuracy": 0.43137254901960786,
      "roc_auc": 0.3761755485893417,
      "brier": 0.2850239653191922
    },
    "gamma_2.0_alpha_0.25": {
      "fp": 29,
      "fn": 0,
      "accuracy": 0.43137254901960786,
      "roc_auc": 0.46865203761755486,
      "brier": 0.27972723174631337
    },
    "gamma_2.0_alpha_0.5": {
      "fp": 29,
      "fn": 0,
      "accuracy": 0.43137254901960786,
      "roc_auc": 0.4106583072100314,
      "brier": 0.28378674277375193
    },
    "best": {
      "gamma": 1.5,
      "alpha": 0.25,
      "metrics": {
        "fp": 29,
        "fn": 0,
        "accuracy": 0.43137254901960786,
        "roc_auc": 0.6316614420062695,
        "brier": 0.27522788838009943
      },
      "tuned_path": "models/per_map_nuke_focal_tuned.pkl",
      "calib_path": "models/per_map_nuke_focal_calibrated.pkl"
    }
  },
  "Dust2": {
    "gamma_0.5_alpha_0.1": {
      "fp": 24,
      "fn": 3,
      "accuracy": 0.5423728813559322,
      "roc_auc": 0.4717647058823529,
      "brier": 0.2569787576739331
    },
    "gamma_0.5_alpha_0.25": {
      "fp": 25,
      "fn": 1,
      "accuracy": 0.559322033898305,
      "roc_auc": 0.39764705882352935,
      "brier": 0.2605269153516041
    },
    "gamma_0.5_alpha_0.5": {
      "fp": 25,
      "fn": 0,
      "accuracy": 0.576271186440678,
      "roc_auc": 0.39294117647058824,
      "brier": 0.2557785408900892
    },
    "gamma_1.0_alpha_0.1": {
      "fp": 25,
      "fn": 0,
      "accuracy": 0.576271186440678,
      "roc_auc": 0.44941176470588234,
      "brier": 0.2489230925110625
    },
    "gamma_1.0_alpha_0.25": {
      "fp": 25,
      "fn": 0,
      "accuracy": 0.576271186440678,
      "roc_auc": 0.45294117647058824,
      "brier": 0.2526197266384021
    },
    "gamma_1.0_alpha_0.5": {
      "fp": 25,
      "fn": 0,
      "accuracy": 0.576271186440678,
      "roc_auc": 0.48,
      "brier": 0.24744963151707192
    },
    "gamma_1.5_alpha_0.1": {
      "fp": 25,
      "fn": 0,
      "accuracy": 0.576271186440678,
      "roc_auc": 0.43647058823529417,
      "brier": 0.2480621375384217
    },
    "gamma_1.5_alpha_0.25": {
      "fp": 25,
      "fn": 0,
      "accuracy": 0.576271186440678,
      "roc_auc": 0.44,
      "brier": 0.25166309246048496
    },
    "gamma_1.5_alpha_0.5": {
      "fp": 24,
      "fn": 1,
      "accuracy": 0.576271186440678,
      "roc_auc": 0.5505882352941177,
      "brier": 0.24618270768123218
    },
    "gamma_2.0_alpha_0.1": {
      "fp": 25,
      "fn": 0,
      "accuracy": 0.576271186440678,
      "roc_auc": 0.548235294117647,
      "brier": 0.24489844546975428
    },
    "gamma_2.0_alpha_0.25": {
      "fp": 25,
      "fn": 0,
      "accuracy": 0.576271186440678,
      "roc_auc": 0.5223529411764707,
      "brier": 0.24517416926056554
    },
    "gamma_2.0_alpha_0.5": {
      "fp": 25,
      "fn": 0,
      "accuracy": 0.576271186440678,
      "roc_auc": 0.4670588235294118,
      "brier": 0.24631425940890364
    },
    "best": {
      "gamma": 1.5,
      "alpha": 0.5,
      "metrics": {
        "fp": 24,
        "fn": 1,
        "accuracy": 0.576271186440678,
        "roc_auc": 0.5505882352941177,
        "brier": 0.24618270768123218
      },
      "tuned_path": "models/per_map_dust2_focal_tuned.pkl",
      "calib_path": "models/per_map_dust2_focal_calibrated.pkl"
    }
  },
  "Ancient": {
    "gamma_0.5_alpha_0.1": {
      "fp": 0,
      "fn": 24,
      "accuracy": 0.5636363636363636,
      "roc_auc": 0.629032258064516,
      "brier": 0.2468467340801472
    },
    "gamma_0.5_alpha_0.25": {
      "fp": 16,
      "fn": 16,
      "accuracy": 0.41818181818181815,
      "roc_auc": 0.3911290322580645,
      "brier": 0.2599188249250192
    },
    "gamma_0.5_alpha_0.5": {
      "fp": 2,
      "fn": 23,
      "accuracy": 0.5454545454545454,
      "roc_auc": 0.42876344086021506,
      "brier": 0.25052649077021466
    },
    "gamma_1.0_alpha_0.1": {
      "fp": 0,
      "fn": 24,
      "accuracy": 0.5636363636363636,